2018-01-04 16:52:33.481755	https://www.encodeproject.org/report/?type=Experiment&assay_title=ChIP-seq&assembly=hg19&files.file_type=bam&searchTerm=H3K36me3&lab.title=Bradley+Bernstein%2C+Broad&sort=biosample_term_name&limit=all
ID	Accession	Assay Type	Assay Nickname	Target label	Target gene	Biosample summary	Biosample	Description	Lab	Project	Status	Biological replicate	Technical replicate	Linked Antibody	Species	Life stage	Age	Age Units	Treatment	Term ID	Concentration	Concentration units	Duration	Duration units	Synchronization	Post-synchronization time	Post-synchronization time units	Replicates
/experiments/ENCSR867UKC/	ENCSR867UKC	ChIP-seq	ChIP-seq	H3K36me3	HIST2H3C	Karpas-422	Karpas-422		Bradley Bernstein, Broad	ENCODE	released	1,2	1	ENCAB000ADU	Homo sapiens	adult	72	year										/replicates/5ef49b99-dd7c-450d-b08f-b62e51f3ced6/,/replicates/e2770849-184f-44b9-8b43-0a24adc201b7/
/experiments/ENCSR743KZR/	ENCSR743KZR	ChIP-seq	ChIP-seq	H3K36me3	HIST2H3C	esophagus muscularis mucosa female adult (53 years)	esophagus muscularis mucosa		Bradley Bernstein, Broad	ENCODE	released	1	1	ENCAB000ADU	Homo sapiens	adult	53	year										/replicates/855b3649-01aa-47d6-96a9-f72e733f4a32/
/experiments/ENCSR435WPP/	ENCSR435WPP	ChIP-seq	ChIP-seq	H3K36me3	HIST2H3C	CD4-positive, CD25-positive, alpha-beta regulatory T cell	CD4-positive, CD25-positive, alpha-beta regulatory T cell		Bradley Bernstein, Broad	Roadmap	released	1,2	4,2	ENCAB000AQF,ENCAB000ADU	Homo sapiens	unknown	unknown											/replicates/26599cc0-3952-4471-b011-d1b11f2858c0/,/replicates/224a8760-0242-478d-8f58-d36a2c611a6c/
/experiments/ENCSR828WZG/	ENCSR828WZG	ChIP-seq	ChIP-seq	H3K36me3	HIST2H3C	CD4-positive helper T cell	CD4-positive helper T cell		Bradley Bernstein, Broad	Roadmap	released	1,2	4,2	ENCAB000AQF,ENCAB000ADU	Homo sapiens	unknown	unknown											/replicates/a9df6ba6-257f-48c2-be9c-c4f394b29c70/,/replicates/46953da2-d4b5-4d17-b414-ddf1e58a4e02/
/experiments/ENCSR204DMS/	ENCSR204DMS	ChIP-seq	ChIP-seq	H3K36me3	HIST2H3C	adrenal gland male adult (37 years)	adrenal gland		Bradley Bernstein, Broad	ENCODE	released	1	2	ENCAB000ADU	Homo sapiens	adult	37	year										/replicates/21f96c27-08d9-4120-b5d9-57dc2d10b500/
/experiments/ENCSR869GBP/	ENCSR869GBP	ChIP-seq	ChIP-seq	H3K36me3	HIST2H3C	upper lobe of left lung female adult (53 years)	upper lobe of left lung		Bradley Bernstein, Broad	ENCODE	released	1	1	ENCAB000ADU	Homo sapiens	adult	53	year										/replicates/00792a57-dbcc-4eed-8eff-24c23aa4863b/
/experiments/ENCSR127ZSP/	ENCSR127ZSP	ChIP-seq	ChIP-seq	H3K36me3	HIST2H3C	tibial artery female adult (53 years)	tibial artery		Bradley Bernstein, Broad	ENCODE	released	1	1	ENCAB000ADU	Homo sapiens	adult	53	year										/replicates/c1df680b-bde9-4af7-8678-a65d946a7f86/
/experiments/ENCSR366AOJ/	ENCSR366AOJ	ChIP-seq	ChIP-seq	H3K36me3	HIST2H3C	kidney female embryo (120 days)	kidney		Bradley Bernstein, Broad	Roadmap	released	1	1	ENCAB000ADU	Homo sapiens	embryonic	120	day										/replicates/10355a66-913f-45b5-b8bc-b116e90c41eb/
/experiments/ENCSR225VCV/	ENCSR225VCV	ChIP-seq	ChIP-seq	H3K36me3	HIST2H3C	thyroid gland male adult (37 years)	thyroid gland		Bradley Bernstein, Broad	ENCODE	released	1,2	1	ENCAB000ADU	Homo sapiens	adult	37	year										/replicates/ad2cf122-0ff6-49e5-87a4-780e6aee97c1/,/replicates/eaf7e344-27bf-4475-a241-132ee4992a87/
/experiments/ENCSR621WQY/	ENCSR621WQY	ChIP-seq	ChIP-seq	H3K36me3	HIST2H3C	heart embryo (101 day)	heart		Bradley Bernstein, Broad	Roadmap	released	1	1	ENCAB000ADU	Homo sapiens	embryonic	101	day										/replicates/e56bb19e-5ea7-4606-815a-f0793dcd7c7d/
/experiments/ENCSR581PUR/	ENCSR581PUR	ChIP-seq	ChIP-seq	H3K36me3	HIST2H3C	A673	A673		Bradley Bernstein, Broad	ENCODE	released	1,2	1	ENCAB000ADU,ENCAB000AQF	Homo sapiens	child	15	year										/replicates/1d7e7700-2fd5-4188-9be2-84b9006a3aa4/,/replicates/18eaf711-e8cd-4759-b2da-61c64cea2b35/
/experiments/ENCSR316KHQ/	ENCSR316KHQ	ChIP-seq	ChIP-seq	H3K36me3	HIST2H3C	SU-DHL-6	SU-DHL-6		Bradley Bernstein, Broad	ENCODE	released	1,2	1,2	ENCAB000ADU,ENCAB000BKT	Homo sapiens	adult	43	year										/replicates/fbfbe140-6751-4cef-9a3e-3fde77cb31ee/,/replicates/c755fc6c-201b-44c9-a9b3-a4bdea2eaaec/,/replicates/0b0186eb-5ae8-4936-b903-b95a97e75b05/
/experiments/ENCSR749ABB/	ENCSR749ABB	ChIP-seq	ChIP-seq	H3K36me3	HIST2H3C	transverse colon male adult (37 years)	transverse colon		Bradley Bernstein, Broad	ENCODE	released	1	1	ENCAB000ADU	Homo sapiens	adult	37	year										/replicates/2a858a13-1a13-437d-a17d-9aa4c458633e/
/experiments/ENCSR925LJZ/	ENCSR925LJZ	ChIP-seq	ChIP-seq	H3K36me3	HIST2H3C	H1-hESC	H1-hESC		Bradley Bernstein, Broad	Roadmap	released	1,2	1	ENCAB000ADU,ENCAB000ASN	Homo sapiens	embryonic	unknown											/replicates/70dffe47-0bd3-49a9-b709-e576322b6c49/,/replicates/eb87f30e-e720-451b-a58b-210a034d1ca4/
/experiments/ENCSR844DRI/	ENCSR844DRI	ChIP-seq	ChIP-seq	H3K36me3	HIST2H3C	ES-I3	ES-I3		Bradley Bernstein, Broad	Roadmap	released	1,2	1	ENCAB000ASN	Homo sapiens	embryonic	unknown											/replicates/7b34a6af-0f13-4f76-870a-214cd0fd3c75/,/replicates/7b0aaba5-6772-4d0b-908f-e4df89629371/
/experiments/ENCSR978CNH/	ENCSR978CNH	ChIP-seq	ChIP-seq	H3K36me3	HIST2H3C	SK-N-SH	SK-N-SH		Bradley Bernstein, Broad	ENCODE	released	1,2,3	1	ENCAB000ADU	Homo sapiens	child	4	year										/replicates/f052855f-56b3-4380-b807-3a868af725ec/,/replicates/755cdd29-8622-49a6-a53b-8ea859f868e7/,/replicates/9f2316ce-c28d-461b-bdaa-835a96729988/
/experiments/ENCSR000AKR/	ENCSR000AKR	ChIP-seq	ChIP-seq	H3K36me3	HIST2H3C	K562	K562	H3K36me3 ChIP-seq on human K562	Bradley Bernstein, Broad	ENCODE	released	1,2	1	ENCAB000ADU	Homo sapiens	adult	53	year										/replicates/59dfe273-3067-487c-b9be-987185f55237/,/replicates/25eb722c-f402-4ca3-a1f6-d0aaa47e2fb3/
/experiments/ENCSR879WTY/	ENCSR879WTY	ChIP-seq	ChIP-seq	H3K36me3	HIST2H3C	KOPT-K1	KOPT-K1		Bradley Bernstein, Broad	ENCODE	released	1,2	1	ENCAB000AQF	Homo sapiens	unknown	unknown											/replicates/72659a7f-3638-41da-a00f-436a42286395/,/replicates/92cd1389-08e4-4c59-937e-8633614803ba/
/experiments/ENCSR034BEQ/	ENCSR034BEQ	ChIP-seq	ChIP-seq	H3K36me3	HIST2H3C	hepatocyte originated from H9	hepatocyte		Bradley Bernstein, Broad	ENCODE	released	1,2	1	ENCAB000ADU	Homo sapiens	embryonic	5	day										/replicates/7c1f6078-3216-4f3d-95d5-664907687600/,/replicates/12c285fe-78ed-4292-9741-a9a95e84b45f/
/experiments/ENCSR688ZOS/	ENCSR688ZOS	ChIP-seq	ChIP-seq	H3K36me3	HIST2H3C	neuroepithelial stem cell genetically modified using stable transfection originated from H9	neuroepithelial stem cell		Bradley Bernstein, Broad	ENCODE	released	2,1	1	ENCAB000ADU	Homo sapiens	embryonic	5	day										/replicates/e7b4fef7-53ba-428a-ad17-9e0695d178d4/,/replicates/15a65e1f-081d-4435-b832-28fdbd571e57/
/experiments/ENCSR000AMB/	ENCSR000AMB	ChIP-seq	ChIP-seq	H3K36me3	HIST2H3C	HepG2	HepG2	H3K36me3 ChIP-seq on human HepG2	Bradley Bernstein, Broad	ENCODE	released	2,1	1	ENCAB000ADU	Homo sapiens	child	15	year										/replicates/0edb42dd-1d81-40e6-81c7-006b0ae1710d/,/replicates/3d3c20bf-7dde-400c-9b76-6f3099101a6f/
/experiments/ENCSR101EEJ/	ENCSR101EEJ	ChIP-seq	ChIP-seq	H3K36me3	HIST2H3C	transverse colon male adult (54 years)	transverse colon		Bradley Bernstein, Broad	ENCODE	released	1,2	1,2	ENCAB000ADU,ENCAB861ENQ,ENCAB360BDG	Homo sapiens	adult	54	year										/replicates/8081f224-9069-41ab-8847-95e604bcb841/,/replicates/d6d2e3f3-e699-4aa1-bb22-3de4110895f0/,/replicates/8dcb0e41-de5e-4a57-8ab8-e2e25a4ba1e4/
/experiments/ENCSR100YTJ/	ENCSR100YTJ	ChIP-seq	ChIP-seq	H3K36me3	HIST2H3C	lung female embryo (96 days)	lung		Bradley Bernstein, Broad	Roadmap	released	1	1	ENCAB000ADU	Homo sapiens	embryonic	96	day										/replicates/51a69245-10cc-4e5c-9cad-0f8d3bbbd405/
/experiments/ENCSR486ZKB/	ENCSR486ZKB	ChIP-seq	ChIP-seq	H3K36me3	HIST2H3C	neuron originated from H9	neuron		Bradley Bernstein, Broad	Roadmap	released	1	1	ENCAB000AQF	Homo sapiens	embryonic	5	day										/replicates/4d416e23-5efb-4fdd-9fbe-41272cd18033/
/experiments/ENCSR157ZVP/	ENCSR157ZVP	ChIP-seq	ChIP-seq	H3K36me3	HIST2H3C	tibial nerve female adult (53 years)	tibial nerve		Bradley Bernstein, Broad	ENCODE	released	1	1	ENCAB000ADU	Homo sapiens	adult	53	year										/replicates/6e1ff5c0-1337-4996-83d3-7a25f4a67651/
/experiments/ENCSR888JWS/	ENCSR888JWS	ChIP-seq	ChIP-seq	H3K36me3	HIST2H3C	brain male embryo (122 days)	brain		Bradley Bernstein, Broad	Roadmap	released	1	1	ENCAB000ADU	Homo sapiens	embryonic	122	day										/replicates/576687de-abf1-4263-94c7-57214ee33357/
/experiments/ENCSR914AWT/	ENCSR914AWT	ChIP-seq	ChIP-seq	H3K36me3	HIST2H3C	fibroblast of arm male adult (53 years)	fibroblast of arm		Bradley Bernstein, Broad	ENCODE	released	1,2	1	ENCAB000ADU	Homo sapiens	adult	53	year										/replicates/3eb087f4-e105-4f3e-9a43-b129625f2eb8/,/replicates/40a9923c-b07e-4ac8-b15a-dd9e5bcd1008/
/experiments/ENCSR897FOZ/	ENCSR897FOZ	ChIP-seq	ChIP-seq	H3K36me3	HIST2H3C	ACC112	ACC112		Bradley Bernstein, Broad	ENCODE	released	1,2	1	ENCAB000AQF,ENCAB000ADU	Homo sapiens	adult	70	year										/replicates/349cf40f-89e3-4803-a202-c56cc6c5fea1/,/replicates/dde43a7f-bb58-4b4f-86bc-d57dedf64d27/
/experiments/ENCSR237OBF/	ENCSR237OBF	ChIP-seq	ChIP-seq	H3K36me3	HIST2H3C	HUES6	HUES6		Bradley Bernstein, Broad	Roadmap	released	1,2	1	ENCAB000ADU	Homo sapiens	embryonic	unknown											/replicates/1f27a5f6-e552-4c95-a0a0-ea9b0029c4fd/,/replicates/ffdd872c-6e75-4e71-8da4-08783bf11974/
/experiments/ENCSR078ZGC/	ENCSR078ZGC	ChIP-seq	ChIP-seq	H3K36me3	HIST2H3C	esophagus squamous epithelium female adult (53 years)	esophagus squamous epithelium		Bradley Bernstein, Broad	ENCODE	released	1	1	ENCAB000ADU	Homo sapiens	adult	53	year										/replicates/525d8d44-1270-4f7a-826e-77ff6199d459/
/experiments/ENCSR150YAU/	ENCSR150YAU	ChIP-seq	ChIP-seq	H3K36me3	HIST2H3C	sigmoid colon female adult (53 years)	sigmoid colon		Bradley Bernstein, Broad	ENCODE	released	1	1	ENCAB000ADU	Homo sapiens	adult	53	year										/replicates/08f4cd44-50e1-4b26-bcbc-cb281874763b/
/experiments/ENCSR236YPE/	ENCSR236YPE	ChIP-seq	ChIP-seq	H3K36me3	HIST2H3C	GM23338 male adult (53 years) originated from fibroblast of arm	GM23338		Bradley Bernstein, Broad	ENCODE	released	2,1	1	ENCAB000ADU	Homo sapiens	adult	53	year										/replicates/199200b8-d1fd-4712-96e9-9b858c419ae0/,/replicates/e2606f68-90d6-490a-92a6-0c2e7e11b086/
/experiments/ENCSR080QVO/	ENCSR080QVO	ChIP-seq	ChIP-seq	H3K36me3	HIST2H3C	right lobe of liver female adult (53 years)	right lobe of liver		Bradley Bernstein, Broad	ENCODE	released	1	1	ENCAB000ADU	Homo sapiens	adult	53	year										/replicates/372471ee-d311-41d3-ac16-a7eacbaca21c/
/experiments/ENCSR238WMO/	ENCSR238WMO	ChIP-seq	ChIP-seq	H3K36me3	HIST2H3C	neural stem progenitor cell originated from H9	neural stem progenitor cell		Bradley Bernstein, Broad	Roadmap	released	1,2	1	ENCAB000AQF	Homo sapiens	embryonic	5	day										/replicates/41ad7130-a78b-4e01-8223-1c36c6e0a4c7/,/replicates/1bab6e79-3447-4292-9e36-fe9bb497c75f/
/experiments/ENCSR857XRG/	ENCSR857XRG	ChIP-seq	ChIP-seq	H3K36me3	HIST2H3C	adrenal gland male adult (54 years)	adrenal gland		Bradley Bernstein, Broad	ENCODE	released	1,2	1	ENCAB000ADU	Homo sapiens	adult	54	year										/replicates/6b8be7ee-489f-472f-bf88-71a9c320653a/,/replicates/330a4ced-1ad9-47dd-9bc2-626df3e33c15/
/experiments/ENCSR136NUH/	ENCSR136NUH	ChIP-seq	ChIP-seq	H3K36me3	HIST2H3C	radial glial cell genetically modified using stable transfection originated from H9	radial glial cell		Bradley Bernstein, Broad	ENCODE	released	1,2	1	ENCAB000AUW,ENCAB000ADU	Homo sapiens	embryonic	5	day										/replicates/238ca84e-ad40-4fc8-bd20-cdbaeaf68b42/,/replicates/28941158-8cd8-4045-9819-ec77f10eac12/
/experiments/ENCSR060YIB/	ENCSR060YIB	ChIP-seq	ChIP-seq	H3K36me3	HIST2H3C	common myeloid progenitor, CD34-positive male adult (42 years)	common myeloid progenitor, CD34-positive		Bradley Bernstein, Broad	Roadmap	released	1	1	ENCAB000AQF	Homo sapiens	adult	42	year										/replicates/4048bea6-61ba-4784-bb24-ebb218d311ba/
/experiments/ENCSR000AMT/	ENCSR000AMT	ChIP-seq	ChIP-seq	H3K36me3	HIST2H3C	fibroblast of lung female child (11 year) and male adult (45 years)	fibroblast of lung	H3K36me3 ChIP-seq on human NHLF	Bradley Bernstein, Broad	ENCODE	released	2,1	1	ENCAB000ADU	Homo sapiens	adult,child	45,11	year										/replicates/45375b41-fb9a-4951-b9b2-f845247dbf22/,/replicates/647758f8-97c2-43e4-9082-5d0b50e3fbad/
/experiments/ENCSR651JDA/	ENCSR651JDA	ChIP-seq	ChIP-seq	H3K36me3	HIST2H3C	smooth muscle cell originated from H9	smooth muscle cell		Bradley Bernstein, Broad	ENCODE	released	2,1	1	ENCAB000ADU	Homo sapiens	embryonic	5	day										/replicates/3b08b4be-a0b5-4b3b-9e44-0f6ad12727df/,/replicates/7e5d4d87-dc9f-4716-89b4-59184b5c6d5e/
/experiments/ENCSR562JTY/	ENCSR562JTY	ChIP-seq	ChIP-seq	H3K36me3	HIST2H3C	NCI-H929	NCI-H929		Bradley Bernstein, Broad	ENCODE	released	1,2	1	ENCAB000ADU	Homo sapiens	adult	62	year										/replicates/706cf42d-7e3b-4dca-860d-5616c6f0e145/,/replicates/8403e598-70cf-4e6c-85a4-2c2bd7d06ba7/
/experiments/ENCSR481IYI/	ENCSR481IYI	ChIP-seq	ChIP-seq	H3K36me3	HIST2H3C	Parathyroid adenoma male adult (62 years)	Parathyroid adenoma		Bradley Bernstein, Broad	ENCODE	released	1	1	ENCAB000ADU	Homo sapiens	adult	62	year										/replicates/d20a8362-c5bb-48a7-bed9-89a16eb26da4/
/experiments/ENCSR837SUQ/	ENCSR837SUQ	ChIP-seq	ChIP-seq	H3K36me3	HIST2H3C	Loucy	Loucy		Bradley Bernstein, Broad	ENCODE	released	1,2	1	ENCAB000ADU	Homo sapiens	adult	38	year										/replicates/ae1e1e16-f450-4516-8635-260545a6acdd/,/replicates/5728cac2-0e96-4715-bd09-7a83cd2faad7/
/experiments/ENCSR091QXP/	ENCSR091QXP	ChIP-seq	ChIP-seq	H3K36me3	HIST2H3C	HCT116	HCT116		Bradley Bernstein, Broad	ENCODE	released	1,2	1	ENCAB000ADU	Homo sapiens	adult	unknown											/replicates/4412f09f-783b-431b-bccd-ac47f122e2f4/,/replicates/5f8884b4-1d26-4ca8-83cc-aa722878a74a/
/experiments/ENCSR526PZM/	ENCSR526PZM	ChIP-seq	ChIP-seq	H3K36me3	HIST2H3C	SK-N-MC	SK-N-MC	ChIP-seq against H3K36me3 using SK-N-MC cell line which was previously described as a neuroepithelioma (ATCC HTB-10). However recent evidence reveals it is Ewing's Sarcoma (www.ncbi.nlm.nih.gov/pubmed/15548687, www.ncbi.nlm.nih.gov/biosample/3151999, www.ncbi.nlm.nih.gov/pubmed/25453903).	Bradley Bernstein, Broad	ENCODE	released	1,2	1	ENCAB000AQF	Homo sapiens	child	14	year										/replicates/d0274241-5d97-4cae-801f-2c7c428897e5/,/replicates/61347cf0-0b44-427c-864a-7c465b6a33a5/
/experiments/ENCSR101NFY/	ENCSR101NFY	ChIP-seq	ChIP-seq	H3K36me3	HIST2H3C	gastrocnemius medialis female adult (53 years)	gastrocnemius medialis		Bradley Bernstein, Broad	ENCODE	released	1	1	ENCAB000ADU	Homo sapiens	adult	53	year										/replicates/e8296a87-8555-4b49-b8fb-ab386db9fb02/
/experiments/ENCSR467FMR/	ENCSR467FMR	ChIP-seq	ChIP-seq	H3K36me3	HIST2H3C	iPS-18a female adult (48 years)	iPS-18a		Bradley Bernstein, Broad	Roadmap	released	1	4	ENCAB000ADU	Homo sapiens	adult	48	year										/replicates/750da092-3e33-4ed2-a58e-f9e07db38557/
/experiments/ENCSR426UWA/	ENCSR426UWA	ChIP-seq	ChIP-seq	H3K36me3	HIST2H3C	HUES64	HUES64		Bradley Bernstein, Broad	Roadmap	released	1,2	1	ENCAB000ADU	Homo sapiens	embryonic	unknown											/replicates/3734128e-514d-42a4-a876-66a67834a9c8/,/replicates/c079da07-93b7-4311-9246-d19124a9eda8/
/experiments/ENCSR000ANH/	ENCSR000ANH	ChIP-seq	ChIP-seq	H3K36me3	HIST2H3C	skeletal muscle myoblast male adult (22 years)	skeletal muscle myoblast	H3K36me3 ChIP-seq on human skeletal muscle myoblast	Bradley Bernstein, Broad	ENCODE	released	1,2	1	ENCAB000ADU	Homo sapiens	adult	22	year										/replicates/5c417e28-b30b-4fe7-b213-047b6a67b206/,/replicates/8a5e2677-8480-4ab0-9dba-298a98e34f77/
/experiments/ENCSR499FXI/	ENCSR499FXI	ChIP-seq	ChIP-seq	H3K36me3	HIST2H3C	prostate male adult (54 years)	prostate		Bradley Bernstein, Broad	ENCODE	released	1,2	1,2,3	ENCAB000ADU,ENCAB405MHV,ENCAB211WTE	Homo sapiens	adult	54	year										/replicates/99f33de0-367b-41bb-be45-1e369cc731a8/,/replicates/22871df0-b9ed-4aa5-bc8e-6dbbe4d6b252/,/replicates/32046627-4c79-4d2f-b9ca-b2cf07142a17/,/replicates/4e69164c-4874-47c7-862b-450aa73b8550/
/experiments/ENCSR248PES/	ENCSR248PES	ChIP-seq	ChIP-seq	H3K36me3	HIST2H3C	ascending aorta female adult (53 years)	ascending aorta		Bradley Bernstein, Broad	ENCODE	released	1	1	ENCAB000ADU	Homo sapiens	adult	53	year										/replicates/039a0b13-2f63-4b50-b202-e256ae970516/
/experiments/ENCSR166CNR/	ENCSR166CNR	ChIP-seq	ChIP-seq	H3K36me3	HIST2H3C	stomach female adult (53 years)	stomach		Bradley Bernstein, Broad	ENCODE	released	1	1,3,2	ENCAB000ADU,ENCAB405MHV,ENCAB211WTE	Homo sapiens	adult	53	year										/replicates/986ba3a1-9c91-4b35-bc43-10ab690df12b/,/replicates/a61b4d5e-08ba-43ed-862b-0331ad731ac9/,/replicates/ffebebea-da07-4e6a-a4b2-11bc75a16963/
/experiments/ENCSR908DTR/	ENCSR908DTR	ChIP-seq	ChIP-seq	H3K36me3	HIST2H3C	thyroid gland male adult (54 years)	thyroid gland		Bradley Bernstein, Broad	ENCODE	released	1	1	ENCAB000ADU	Homo sapiens	adult	54	year										/replicates/328b0809-7970-4808-a3e0-cc3ca1fa2ab7/
/experiments/ENCSR499WAQ/	ENCSR499WAQ	ChIP-seq	ChIP-seq	H3K36me3	HIST2H3C	iPS-20b male adult (55 years)	iPS-20b		Bradley Bernstein, Broad	Roadmap	released	1,2	4,1	ENCAB000ADU	Homo sapiens	adult	55	year										/replicates/57bc49cf-f311-4734-8f03-e27336c25bbf/,/replicates/905727e6-4c27-446f-9b05-de8cf45b04ae/
/experiments/ENCSR449AYM/	ENCSR449AYM	ChIP-seq	ChIP-seq	H3K36me3	HIST2H3C	OCI-LY1	OCI-LY1		Bradley Bernstein, Broad	ENCODE	released	1,2	1	ENCAB000AQF,ENCAB000ADU	Homo sapiens	adult	44	year										/replicates/6f309860-e8fe-42d7-8dac-4a47da894704/,/replicates/ebc94e28-d7bc-48f2-b72c-21551d099472/
/experiments/ENCSR000API/	ENCSR000API	ChIP-seq	ChIP-seq	H3K36me3	HIST2H3C	osteoblast	osteoblast	H3K36me3 ChIP-seq on human osteoblast	Bradley Bernstein, Broad	ENCODE	released	2,1	1	ENCAB000ADU	Homo sapiens	unknown	unknown											/replicates/bee41dad-5db7-410c-9999-4223730a860d/,/replicates/d1517602-8693-4712-b9bf-d924cc8fb0fc/
/experiments/ENCSR105YNJ/	ENCSR105YNJ	ChIP-seq	ChIP-seq	H3K36me3	HIST2H3C	gastrocnemius medialis male adult (54 years)	gastrocnemius medialis		Bradley Bernstein, Broad	ENCODE	released	1,2	1	ENCAB000ADU	Homo sapiens	adult	54	year										/replicates/84dde433-ebc9-43f0-b623-45241ec919fb/,/replicates/9e1d5683-8069-4f95-b562-fe68a8563dc5/
/experiments/ENCSR589TCU/	ENCSR589TCU	ChIP-seq	ChIP-seq	H3K36me3	HIST2H3C	spleen female adult (53 years)	spleen		Bradley Bernstein, Broad	ENCODE	released	1	1	ENCAB000ADU	Homo sapiens	adult	53	year										/replicates/7ee1e318-e729-4781-977f-ac4b36ef2a7b/
/experiments/ENCSR500ZGF/	ENCSR500ZGF	ChIP-seq	ChIP-seq	H3K36me3	HIST2H3C	heart left ventricle female adult (53 years)	heart left ventricle		Bradley Bernstein, Broad	ENCODE	released	1,2	1	ENCAB000ADU	Homo sapiens	adult	53	year										/replicates/13de1157-a4ea-4216-bef1-c29215326c0c/,/replicates/8f6e8291-dc97-46e4-a567-b2a816bcb572/
/experiments/ENCSR072QBN/	ENCSR072QBN	ChIP-seq	ChIP-seq	H3K36me3	HIST2H3C	neutrophil male	neutrophil		Bradley Bernstein, Broad	Roadmap	released	1	1	ENCAB000AQF	Homo sapiens	unknown	unknown											/replicates/33890689-db98-43a3-87a2-8e6b2d608751/
/experiments/ENCSR835YBD/	ENCSR835YBD	ChIP-seq	ChIP-seq	H3K36me3	HIST2H3C	KMS-11	KMS-11		Bradley Bernstein, Broad	ENCODE	released	1,2	1	ENCAB000ADU	Homo sapiens	adult	67	year										/replicates/91536efd-7d82-4ec1-b1b2-323b232a11fb/,/replicates/eb9b19c4-db1f-4411-8ca1-6a69b7bd5c94/
/experiments/ENCSR714KGG/	ENCSR714KGG	ChIP-seq	ChIP-seq	H3K36me3	HIST2H3C	neural cell	neural cell		Bradley Bernstein, Broad	ENCODE	released	1,2	1	ENCAB000AUW,ENCAB000ADU	Homo sapiens	embryonic	unknown											/replicates/2490ac0b-b300-4f6d-9ce1-66fb99f7b3fb/,/replicates/46780d25-6f0d-4cca-aa15-e0deefa6ca17/
/experiments/ENCSR543YQF/	ENCSR543YQF	ChIP-seq	ChIP-seq	H3K36me3	HIST2H3C	breast epithelium female adult (53 years)	breast epithelium		Bradley Bernstein, Broad	ENCODE	released	1	1	ENCAB000ADU	Homo sapiens	adult	53	year										/replicates/3b4af554-6cd8-464b-a3d4-559ee055eec5/
/experiments/ENCSR849APH/	ENCSR849APH	ChIP-seq	ChIP-seq	H3K36me3	HIST2H3C	PC-3	PC-3		Bradley Bernstein, Broad	ENCODE	released	1,2	1	ENCAB000ADU	Homo sapiens	adult	62	year										/replicates/8d42fef0-5a55-4d44-93a7-a519d47bd1ce/,/replicates/4b9eff48-3219-48d5-a632-2ca9f0e17798/
/experiments/ENCSR424XBP/	ENCSR424XBP	ChIP-seq	ChIP-seq	H3K36me3	HIST2H3C	B cell female adult (27 years) and female adult (43 years)	B cell		Bradley Bernstein, Broad	ENCODE	released	1,2	1	ENCAB000ADU,ENCAB000BKT	Homo sapiens	adult	43,27	year										/replicates/82f0d2c1-efff-4c2b-834d-509def86f7b6/,/replicates/be8b3b5c-d841-47f0-809c-7de12d9aeee9/
/experiments/ENCSR000ALC/	ENCSR000ALC	ChIP-seq	ChIP-seq	H3K36me3	HIST2H3C	endothelial cell of umbilical vein newborn	endothelial cell of umbilical vein	H3K36me3 ChIP-seq on human endothelial cell of umbilical vein	Bradley Bernstein, Broad	ENCODE	released	1,2,3	1,2,3	ENCAB000ADU	Homo sapiens	newborn	unknown											/replicates/12fff934-f0f5-4af1-b3ff-86d0b9f3bdbc/,/replicates/a619c0f3-791e-49ca-902d-33b24f2f8551/,/replicates/655e3f21-fdc4-4918-89d6-9ccd03976e9f/
/experiments/ENCSR619YUY/	ENCSR619YUY	ChIP-seq	ChIP-seq	H3K36me3	HIST2H3C	iPS-15b female adult (48 years)	iPS-15b		Bradley Bernstein, Broad	Roadmap	released	1	1	ENCAB000ADU	Homo sapiens	adult	48	year										/replicates/107b18db-5e80-49f5-bd44-dda868e97e4a/
/experiments/ENCSR994NPK/	ENCSR994NPK	ChIP-seq	ChIP-seq	H3K36me3	HIST2H3C	cardiac muscle cell	cardiac muscle cell		Bradley Bernstein, Broad	ENCODE	released	2,1	1,2	ENCAB405MHV	Homo sapiens	embryonic	unknown											/replicates/bf638f46-122a-451d-86bc-977659fdd3e4/,/replicates/b2d4e6d4-63ad-4bee-9e68-9c1dfd1433cf/,/replicates/e903a56c-7592-4d15-948c-17983fdcb327/
/experiments/ENCSR855XNQ/	ENCSR855XNQ	ChIP-seq	ChIP-seq	H3K36me3	HIST2H3C	thyroid gland female adult (53 years)	thyroid gland		Bradley Bernstein, Broad	ENCODE	released	1	1	ENCAB000ADU	Homo sapiens	adult	53	year										/replicates/d9895ac1-ab1a-43ec-bfc9-f4fe450724db/
/experiments/ENCSR402SJV/	ENCSR402SJV	ChIP-seq	ChIP-seq	H3K36me3	HIST2H3C	PC-9	PC-9		Bradley Bernstein, Broad	ENCODE	released	1,2	1	ENCAB000ADU	Homo sapiens	unknown	unknown											/replicates/75a25284-580e-482e-af58-83a4dc1caa91/,/replicates/256af74d-9f21-45db-9209-8db561fccdf8/
/experiments/ENCSR120LGC/	ENCSR120LGC	ChIP-seq	ChIP-seq	H3K36me3	HIST2H3C	MM.1S	MM.1S		Bradley Bernstein, Broad	ENCODE	released	2,1	1	ENCAB000ADU	Homo sapiens	adult	42	year										/replicates/0c359a90-a9f9-4d6c-ab68-a2f809a57ab8/,/replicates/1a4a889e-9a0b-4f68-b88f-0501a7b6c6eb/
/experiments/ENCSR689SFJ/	ENCSR689SFJ	ChIP-seq	ChIP-seq	H3K36me3	HIST2H3C	body of pancreas male adult (37 years)	body of pancreas		Bradley Bernstein, Broad	ENCODE	released	2,1,3	1	ENCAB000ADU	Homo sapiens	adult	37	year										/replicates/6609c283-abb6-49a5-a8c4-cad98e9c81ea/,/replicates/6181b5cf-2c43-4dea-ad19-369f3bb78a03/,/replicates/e547b2c9-a95b-4941-8b00-2f2f167a1d5c/
/experiments/ENCSR380KNE/	ENCSR380KNE	ChIP-seq	ChIP-seq	H3K36me3	HIST2H3C	gastrocnemius medialis male adult (37 years)	gastrocnemius medialis		Bradley Bernstein, Broad	ENCODE	released	1,2	1,2	ENCAB000ADU	Homo sapiens	adult	37	year										/replicates/cafd6c9a-df89-4ead-a423-cea18c6e7c6f/,/replicates/9616dc94-2647-40f3-aa50-88d1ac5b3c1f/,/replicates/4ed8fa1b-dd42-4f55-9e44-3e039e91d9a1/,/replicates/6fbecabd-b218-405c-b3ce-1ef45be250d3/
/experiments/ENCSR775GZI/	ENCSR775GZI	ChIP-seq	ChIP-seq	H3K36me3	HIST2H3C	HUES48	HUES48		Bradley Bernstein, Broad	Roadmap	released	1,2	1	ENCAB000ADU	Homo sapiens	embryonic	unknown											/replicates/0209c51f-f87b-4f93-8e49-e8ef0ac20d67/,/replicates/6ee43579-e99c-495a-a906-218bd160a81b/
/experiments/ENCSR870IUC/	ENCSR870IUC	ChIP-seq	ChIP-seq	H3K36me3	HIST2H3C	H9 genetically modified using stable transfection	H9		Bradley Bernstein, Broad	ENCODE	released	1,2	1	ENCAB000ADU,ENCAB000AUW	Homo sapiens	embryonic	5	day										/replicates/7d22f5b1-ac45-420f-ad81-1875dc39958b/,/replicates/31cb6a90-114a-42c4-9067-5f074ba5163c/
/experiments/ENCSR967KZJ/	ENCSR967KZJ	ChIP-seq	ChIP-seq	H3K36me3	HIST2H3C	right atrium auricular region female adult (53 years)	right atrium auricular region		Bradley Bernstein, Broad	ENCODE	released	1	1	ENCAB000ADU	Homo sapiens	adult	53	year										/replicates/e2c02189-d0c6-4422-bdc2-de27988a3317/
/experiments/ENCSR375IXS/	ENCSR375IXS	ChIP-seq	ChIP-seq	H3K36me3	HIST2H3C	bipolar neuron originated from GM23338 treated with 0.5 Î¼g/mL doxycycline hyclate for 4 days	bipolar neuron		Bradley Bernstein, Broad	ENCODE	released	1,2	1	ENCAB000ADU	Homo sapiens	adult	53	year	doxycycline hyclate	CHEBI:34730			4	day				/replicates/ea852b5d-e4fc-4310-9eab-911dc1c45c2e/,/replicates/76b0ffd9-bf7e-4e67-a115-1d5a62ff06f8/
/experiments/ENCSR638FRE/	ENCSR638FRE	ChIP-seq	ChIP-seq	H3K36me3	HIST2H3C	OCI-LY3	OCI-LY3		Bradley Bernstein, Broad	ENCODE	released	1,2	1	ENCAB000ADU	Homo sapiens	adult	52	year										/replicates/158adf45-22c0-4220-8899-fa01aaff75be/,/replicates/5e2c0626-3a1c-49f1-8774-51547e6b4d2f/
/experiments/ENCSR000ASL/	ENCSR000ASL	ChIP-seq	ChIP-seq	H3K36me3	HIST2H3C	CD14-positive monocyte female	CD14-positive monocyte	H3K36me3 ChIP-seq on human monocytes CD14+ (RO01746)	Bradley Bernstein, Broad	ENCODE	released	2,1	1	ENCAB000ADU	Homo sapiens	unknown	unknown											/replicates/210fe123-6428-48a0-96ee-3866fdbec7d8/,/replicates/9e31ccaf-4a97-49b8-aa42-c724bf493087/
/experiments/ENCSR962MYX/	ENCSR962MYX	ChIP-seq	ChIP-seq	H3K36me3	HIST2H3C	vagina female adult (53 years)	vagina		Bradley Bernstein, Broad	ENCODE	released	1	1	ENCAB000ADU	Homo sapiens	adult	53	year										/replicates/68abbada-479f-4967-a520-48e1a3c8f74e/
/experiments/ENCSR000AOD/	ENCSR000AOD	ChIP-seq	ChIP-seq	H3K36me3	HIST2H3C	HeLa-S3	HeLa-S3	H3K36me3 ChIP-seq on human HeLa-S3	Bradley Bernstein, Broad	ENCODE	released	1,2	1	ENCAB000ADU	Homo sapiens	adult	31	year										/replicates/e64d66d1-6044-4d7c-8835-5f18cb4d97ff/,/replicates/a740fc73-fe71-4e28-8ad5-85ae760bb50d/
/experiments/ENCSR000AQX/	ENCSR000AQX	ChIP-seq	ChIP-seq	H3K36me3	HIST2H3C	DND-41	DND-41	ChIP-seq on human Dnd41 H3K36me3	Bradley Bernstein, Broad	ENCODE	released	2,1	1	ENCAB000ADU	Homo sapiens	child	13	year										/replicates/c0fb376a-dc22-40d7-9d4e-6cecd26e305f/,/replicates/bc511772-426d-4002-bbfe-c02fcb2fd64c/
/experiments/ENCSR000ALY/	ENCSR000ALY	ChIP-seq	ChIP-seq	H3K36me3	HIST2H3C	mammary epithelial cell female adult (50 years)	mammary epithelial cell	H3K36me3 ChIP-seq on human mammary epithelial cell	Bradley Bernstein, Broad	ENCODE	released	1,2	1	ENCAB000ADU	Homo sapiens	adult	50	year										/replicates/f571d791-37ce-4af6-a93a-36f449852092/,/replicates/46d4744f-4a67-47c4-831e-35b619fe465c/
/experiments/ENCSR561MYM/	ENCSR561MYM	ChIP-seq	ChIP-seq	H3K36me3	HIST2H3C	testis male adult (37 years)	testis		Bradley Bernstein, Broad	ENCODE	released	1	1,2	ENCAB000ADU	Homo sapiens	adult	37	year										/replicates/2ccf30e3-68f3-4e88-ba4a-c3c2f0f49463/,/replicates/7fa10cba-8924-490c-a96d-d5fe6e9efd02/
/experiments/ENCSR988DFT/	ENCSR988DFT	ChIP-seq	ChIP-seq	H3K36me3	HIST2H3C	thoracic aorta male adult (54 years)	thoracic aorta		Bradley Bernstein, Broad	ENCODE	released	1,2	1	ENCAB000ADU	Homo sapiens	adult	54	year										/replicates/5d22c956-fa43-4e33-9f1d-ee78f7e1c6d3/,/replicates/02143c77-954a-487a-9724-2d5717167306/
/experiments/ENCSR083MAZ/	ENCSR083MAZ	ChIP-seq	ChIP-seq	H3K36me3	HIST2H3C	thoracic aorta male adult (37 years)	thoracic aorta		Bradley Bernstein, Broad	ENCODE	released	1	1	ENCAB000ADU	Homo sapiens	adult	37	year										/replicates/b27d0b04-e234-4cdf-82ca-bef0ff8dd9b4/
/experiments/ENCSR363CJF/	ENCSR363CJF	ChIP-seq	ChIP-seq	H3K36me3	HIST2H3C	Peyer's patch female adult (53 years)	Peyer's patch		Bradley Bernstein, Broad	ENCODE	released	1	1	ENCAB000ADU	Homo sapiens	adult	53	year										/replicates/7bc0bed2-5da5-47c0-93bb-f3fba5e6ec2f/
/experiments/ENCSR268JEO/	ENCSR268JEO	ChIP-seq	ChIP-seq	H3K36me3	HIST2H3C	common myeloid progenitor, CD34-positive male adult (36 years)	common myeloid progenitor, CD34-positive		Bradley Bernstein, Broad	Roadmap	released	1	1	ENCAB000ASN	Homo sapiens	adult	36	year										/replicates/4c741795-8c5b-457c-8d8c-6a9b2f73db3a/
/experiments/ENCSR243AIS/	ENCSR243AIS	ChIP-seq	ChIP-seq	H3K36me3	HIST2H3C	OCI-LY7	OCI-LY7		Bradley Bernstein, Broad	ENCODE	released	1,2	1	ENCAB000ADU,ENCAB000AQF	Homo sapiens	adult	48	year										/replicates/987eed07-edc0-4614-b1f0-b923e0ae9029/,/replicates/bf73b451-71cf-464a-bf7b-df86536d05c5/
/experiments/ENCSR000ANW/	ENCSR000ANW	ChIP-seq	ChIP-seq	H3K36me3	HIST2H3C	myotube	myotube	H3K36me3 ChIP-seq on human HSMMtube	Bradley Bernstein, Broad	ENCODE	released	1,2	1	ENCAB000ADU	Homo sapiens	adult	22	year										/replicates/a0d385b1-d260-4f94-a612-39758493d310/,/replicates/903a38b1-02f4-41f7-a697-0a13730b2904/
/experiments/ENCSR000APP/	ENCSR000APP	ChIP-seq	ChIP-seq	H3K36me3	HIST2H3C	fibroblast of dermis	fibroblast of dermis	H3K36me3 ChIP-seq on human NHDF-Ad	Bradley Bernstein, Broad	ENCODE	released	2,1	1	ENCAB000ADU	Homo sapiens	unknown	unknown											/replicates/ab61055d-4e92-4f96-bb98-56258fe21b8c/,/replicates/be405687-919b-4244-8094-bd12f1fb4f88/
/experiments/ENCSR736PKV/	ENCSR736PKV	ChIP-seq	ChIP-seq	H3K36me3	HIST2H3C	ascending aorta female adult (51 year)	ascending aorta		Bradley Bernstein, Broad	ENCODE	released	1	1	ENCAB000ADU	Homo sapiens	adult	51	year										/replicates/2e85cd3b-8458-439a-8dc6-ddfada8bb86d/
/experiments/ENCSR373WCB/	ENCSR373WCB	ChIP-seq	ChIP-seq	H3K36me3	HIST2H3C	neutrophil	neutrophil		Bradley Bernstein, Broad	ENCODE	released	1,2	1	ENCAB405MHV	Homo sapiens	unknown	unknown											/replicates/24058437-fbad-4d72-9ae7-10814a358e6d/,/replicates/dcccb872-ad7f-4652-b1f8-d13f28c1e840/
/experiments/ENCSR573CWZ/	ENCSR573CWZ	ChIP-seq	ChIP-seq	H3K36me3	HIST2H3C	neural progenitor cell originated from H9	neural progenitor cell		Bradley Bernstein, Broad	ENCODE	released	1,2	1	ENCAB000ADU	Homo sapiens	embryonic	5	day										/replicates/57447fcb-d36a-40ee-a7ba-3dad36cb3a7f/,/replicates/98c6227a-7e4a-4d00-82b7-39d9bb27d53d/
/experiments/ENCSR784AQY/	ENCSR784AQY	ChIP-seq	ChIP-seq	H3K36me3	HIST2H3C	DOHH2	DOHH2		Bradley Bernstein, Broad	ENCODE	released	1,2	1	ENCAB000ADU	Homo sapiens	adult	60	year										/replicates/d41be9a0-67ad-4449-8ca5-edce329cfe13/,/replicates/ec1720e4-0c88-4da9-b18c-1ed319a5cfa9/
/experiments/ENCSR523JCB/	ENCSR523JCB	ChIP-seq	ChIP-seq	H3K36me3	HIST2H3C	body of pancreas male adult (54 years)	body of pancreas		Bradley Bernstein, Broad	ENCODE	released	1,2	1	ENCAB000ADU	Homo sapiens	adult	54	year										/replicates/f11acb6f-aa30-4c8c-aac7-f801f2651e22/,/replicates/d1ab0232-c0a4-4913-81c6-276dae4c5f6f/
